id,Nombre,codigo,localidad_id,active
1158,LA UNION,,5,TRUE
1160,NARINO SUR,,4,TRUE
1161,LA ALAMEDA,,3,TRUE
1535,LA FLORESTA DE LA SABANA,,1,TRUE
1105,EL MIRADOR II,204107,19,TRUE
107,PARQUE NACIONAL,008102,3,TRUE
239,CHIGUAZA RURAL,101308,5,TRUE
449,SAN VICENTE FERRER,002402,6,TRUE
814,BARAJAS NORTE,107109,11,TRUE
345,CURUBITAL,102911,5,TRUE
370,TIBAQUE SUR,102407,5,TRUE
625,ALQUERIA LA FRAGUA NORTE,004542,16,TRUE
873,VILLA ALCAZAR,009263,11,TRUE
746,BELLAVISTA OCCIDENTAL,005503,12,TRUE
692,EL PANTANO,106201,10,TRUE
176,BOSQUE IZQUIERDO,008106,3,TRUE
431,ARBORIZADORA BAJA,002432,19,TRUE
224,TIBAQUE I,201306,4,TRUE
110,PALERMO,007205,13,TRUE
113,PARDO RUBIO RURAL,201509,2,TRUE
236,SAN VICENTE,001309,4,TRUE
717,VILLA AMALIA,005648,10,TRUE
1011,LOS MOLINOS,001417,18,TRUE
590,DINDALITO.,004612,8,FALSE
581,EL PARAISO,004603,8,TRUE
799,LOS ARRAYANES DE SUBA,009143,11,TRUE
237,NUEVA DELHI,001323,4,TRUE
468,EL REMANSO I,004625,7,TRUE
377,EL NEVADO,002631,5,TRUE
223,QUINTA RAMOS,001206,4,TRUE
238,JUAN REY (LA PAZ),001325,5,TRUE
378,LA AURORA,002503,5,TRUE
992,SANTA MATILDE,004209,16,TRUE
122,INGEMAR ORIENTAL RURAL,101103,2,TRUE
71,LAS MARGARITAS,008530,1,TRUE
1047,LUCERO ALTO,002521,19,TRUE
932,ESTACION CENTRAL,006204,16,TRUE
924,GALERIAS,007207,13,TRUE
429,ABRAHAM LINCOLN,002507,18,TRUE
881,SIMON BOLIVAR,005205,12,TRUE
943,SANTA ISABEL,004108,16,TRUE
531,NUEVA GRANADA BOSA,004527,7,TRUE
993,AUTOPISTA MUZU,004403,16,TRUE
240,VELODROMO,001114,4,TRUE
677,CAPELLANIA,006302,9,TRUE
212,EL PINAR,001324,4,TRUE
145,LA CABRERA,008309,2,TRUE
123,CONCEPCION NORTE,007304,12,TRUE
1013,HOSPITAL SAN CARLOS,001403,18,TRUE
232,LAS GAVIOTAS,001334,5,TRUE
1064,LA PRADERA,002437,19,TRUE
1065,JERUSALEN,002434,19,TRUE
624,LA CAMPINA,004506,8,TRUE
172,LAS NIEVES,003102,3,TRUE
242,LAS GUACAMAYAS I,001355,4,TRUE
1067,MEXICO,002516,19,TRUE
679,BOSQUE DE MODELIA,006316,9,TRUE
896,SAN FERNANDO,005203,12,TRUE
897,DOCE DE OCTUBRE,005202,12,TRUE
556,CIUDAD KENNEDY SUR,004507,8,TRUE
755,VILLA DEL MAR,005680,10,TRUE
245,YOMASA,001350,5,TRUE
241,VEINTE DE JULIO,001405,18,TRUE
217,SANTA INES SUR,001308,4,TRUE
695,CHARCO URBANO,006411,9,TRUE
159,LOS ROSALES,008304,2,TRUE
745,SAN JOAQUIN,005509,10,TRUE
153,ESPARTILLAL,008312,2,TRUE
616,VEREDA EL TINTAL RURAL,105105,9,TRUE
1068,CENTRAL DE MEZCLAS,002562,19,TRUE
243,GUACAMAYAS II,001352,4,TRUE
1124,QUIBA I,002456,19,TRUE
244,SAN MARTIN SUR,001321,18,TRUE
380,DUITAMA,002550,5,TRUE
681,MODELIA OCCIDENTAL,006312,9,TRUE
898,ALCAZARES,007302,12,TRUE
382,EL NEVADO II,002629,5,TRUE
899,SAN MIGUEL,005103,12,TRUE
617,VEREDA EL TINTAL,205102,9,TRUE
383,EL PEDREGAL,002563,5,TRUE
90,SAN GABRIEL NORTE II,008426,1,TRUE
149,JUAN XXIII,007402,12,TRUE
150,EL RETIRO,008310,2,TRUE
770,LOS ALAMOS,005625,10,FALSE
152,EL BAGAZAL,101101,2,TRUE
688,SAN PEDRO,105103,9,TRUE
904,ALCAZARES NORTE,007404,12,TRUE
506,EL CORZO RURAL,105314,7,TRUE
228,SANTA ANA SUR,001111,4,TRUE
869,SAN CAYETANO,009230,11,TRUE
291,EL PARAISO,001329,4,TRUE
1536,ALTO DE SERREZUELA,,1,TRUE
946,LA FRAGUA,002107,16,TRUE
962,RESTREPO,002103,18,TRUE
428,TUNAL ORIENTAL,002401,18,TRUE
421,SAMORE,002406,18,TRUE
937,LA SABANA,004102,14,TRUE
174,BUENOS AIRES,001102,4,TRUE
1043,SAN ANTONIO DEL MIRADOR,002451,19,TRUE
1101,LA VALVANERA,002455,19,TRUE
1019,LA RESURRECCION I,001431,18,TRUE
205,RAMIREZ,003210,4,TRUE
977,SALAZAR GOMEZ,006212,16,TRUE
780,SANTA MARIA,005602,10,TRUE
322,LA HUERTA,002636,5,TRUE
323,EL BOSQUE SUR ORIENTAL RURAL I,102310,5,FALSE
326,CENTRO USME RURAL I,102602,5,TRUE
610,VISION DE ORIENTE,006503,9,TRUE
565,LLANO GRANDE,004562,8,TRUE
662,PUEBLO VIEJO,005673,9,TRUE
1044,SANTO DOMINGO,002426,19,TRUE
1127,CONCEPCION,109110,20,TRUE
234,SAN RAFAEL USME,001322,5,TRUE
529,TUNDAMA,004515,8,TRUE
925,RAFAEL NUNEZ,005117,13,TRUE
1026,CARMEN DEL SOL,001434,18,TRUE
1131,BETANIA,103201,20,TRUE
1132,TAQUECITOS,103102,20,TRUE
1136,LAS AURAS,103105,20,TRUE
287,PUENTE COLORADO,001317,4,TRUE
288,SANTA RITA SUR ORIENTAL,001328,4,TRUE
347,EL ISTMO,103202,20,TRUE
1046,MILLAN,002502,19,TRUE
289,VILLABEL,001332,5,TRUE
290,NUEVA GLORIA,001320,4,TRUE
299,BRAZUELOS OCCIDENTAL,002591,19,TRUE
337,LAS MARGARITAS,102113,19,TRUE
338,LOS ARRAYANES,102111,20,TRUE
339,EL HATO,102112,19,TRUE
566,TINTALITO,004617,8,TRUE
340,SAN BENITO,102909,5,TRUE
341,LOS ANDES,102114,5,TRUE
342,ARRAYAN,102910,20,TRUE
343,CHISACA,102116,20,TRUE
344,LA UNION,102115,20,FALSE
346,EL TABACO,103203,20,TRUE
34,EL VERVENAL,008526,1,TRUE
1125,LA TORRE,002581,19,TRUE
440,RONDA,002518,19,TRUE
214,TIBAQUE,101306,5,TRUE
552,MARIA PAZ,006517,8,TRUE
569,CHUCUA DE LA VACA II,004620,8,TRUE
479,SAN MARTIN,004592,7,TRUE
119,SAGRADO CORAZON,008101,3,TRUE
1083,CIUDAD BOLIVAR,002453,19,TRUE
349,LOS SOCHES,001344,5,TRUE
1029,EL MOCHUELO II NORTE,204129,19,TRUE
1134,LAGUNA VERDE,103204,20,TRUE
482,SAN BERNARDINO XXII URBANO,004577,7,TRUE
1084,POTOSI,002431,19,TRUE
4,LA ESTRELLITA,208203,1,TRUE
438,MARCO FIDEL SUAREZ,001410,18,TRUE
792,PORTALES DEL NORTE,009135,11,TRUE
355,LA REFORMA,002627,5,TRUE
246,BOLONIA I,002626,5,TRUE
357,JUAN JOSE RONDON I,001336,5,TRUE
184,LA CATEDRAL,003110,17,TRUE
1040,EL MOCHUELO,002584,19,TRUE
795,EL PINO,009213,11,TRUE
185,CENTRO ADMINISTRATIVO,003106,17,TRUE
945,EL VERGEL,004106,15,TRUE
980,LA TRINIDAD,004306,16,TRUE
995,AUTOPISTA MUZU ORIENTAL,004413,16,TRUE
1098,LAGUNITAS URBANO,002595,19,TRUE
1001,LA CONCORDIA,003104,17,TRUE
1069,QUIBA ALTO,104114,19,TRUE
247,SAN CRISTOBAL SUR,001108,4,TRUE
300,EL NUEVO PORTAL,002616,5,TRUE
5,NUEVA ZELANDIA,009120,11,TRUE
47,RINCON DEL CHICO,008411,1,TRUE
360,SERRANIAS I,002576,5,TRUE
1537,BALCONES DE VISTA HERMOSA,,1,TRUE
361,LAS VIOLETAS,002633,5,TRUE
1071,PARAISO QUIBA,002565,19,TRUE
18,SAN ANTONIO NORTE,008523,1,TRUE
1070,CARACOLI,002445,19,TRUE
197,LOURDES,003212,17,TRUE
1538,BALMORAL NORTE,,1,TRUE
936,RICAURTE,004101,16,TRUE
654,SAN JOSE DE FONTIBON,006403,9,TRUE
879,EL ROSARIO,005104,13,TRUE
522,VILLA ANNY I,004598,7,TRUE
433,EL CHIRCAL SUR,002435,19,TRUE
969,SAN GABRIEL,004307,16,TRUE
971,COLON,004308,16,TRUE
609,LAS ACACIAS RURAL,205225,8,TRUE
985,TIBANA,004212,16,TRUE
623,TIMIZA A,004518,8,TRUE
838,TIBABUYES UNIVERSAL,009225,11,TRUE
982,REMANSO,004402,16,TRUE
104,INGEMAR,008215,2,TRUE
1061,BELLAVISTA,002436,19,TRUE
620,ROMA,004534,8,TRUE
596,CASABLANCA,004537,8,TRUE
49,CANTAGALLO,009103,11,TRUE
410,MOCHUELO ALTO RURAL,104131,19,TRUE
840,PUERTA DEL SOL,009203,11,TRUE
961,SEVILLA,001201,15,TRUE
527,ANDALUCIA II,004553,8,TRUE
887,CAMPIN OCCIDENTAL,005105,13,TRUE
690,LA ESPERANZA NORTE,006303,10,TRUE
467,GRAN BRITALIA,004557,8,TRUE
169,VOTO NACIONAL,004103,14,TRUE
48,SANTA TERESA,008503,1,TRUE
1056,COMPARTIR,002504,19,TRUE
634,GUADALUPE,004563,19,TRUE
910,ALFONSO LOPEZ,007209,13,TRUE
459,JORGE URIBE BOTERO,004568,8,TRUE
542,LA PAMPA,006511,8,TRUE
723,GARCES NAVAS ORIENTAL,005628,10,TRUE
724,BOCHICA,005632,10,TRUE
15,EL CEREZO,008527,11,TRUE
484,ESCOCIA,004579,7,TRUE
637,TIMIZA C,004581,8,TRUE
115,SUCRE,008112,3,TRUE
483,SAN ANTONIO,004594,7,TRUE
631,ALQUERIA LA FRAGUA II,004596,8,TRUE
21,TORCA I,008539,1,TRUE
544,MARSELLA,006502,9,TRUE
878,LA MERCED NORTE,007301,12,TRUE
815,TUNA RURAL,107106,11,TRUE
545,CAMPO HERMOSO,004558,8,TRUE
475,BRASIL,004622,8,TRUE
783,LAS MERCEDES SUBA,009239,11,TRUE
1539,CHAPARRAL,,1,TRUE
788,IRAGUA,009247,11,TRUE
7,BARRANCAS ORIENTAL,108103,1,TRUE
645,LOS ALAMOS,005626,10,TRUE
11,LA GRANJA NORTE,008524,1,TRUE
800,LAS MERCEDES I,009243,11,TRUE
16,EL ROCIO NORTE,008522,1,TRUE
17,LA ESTRELLITA III,008547,1,TRUE
779,GRAN GRANADA,005654,10,TRUE
691,EL CEDRO,005662,10,FALSE
805,DELMONTE,009246,11,TRUE
804,SAN JOSE V SECTOR,009134,11,TRUE
809,CASABLANCA SUBA II,107111,11,TRUE
166,SANTA FE,006103,14,TRUE
705,CIUDAD BACHUE II,005682,10,TRUE
890,JORGE ELIECER GAITAN,005201,12,TRUE
22,TORCA RURAL I,108101,1,TRUE
810,GUAYMARAL,107101,11,TRUE
546,TAIRONA,004564,8,TRUE
547,PROVIVIENDA OCCIDENTAL,004613,8,FALSE
102,SIBERIA,101502,3,TRUE
818,NUESTRA SENORA DEL ROSARIO,009140,11,TRUE
25,TORCA RURAL II,108110,11,TRUE
933,SAMPER MENDOZA,006108,14,TRUE
914,LA FLORIDA OCCIDENTAL,006203,16,TRUE
640,CENTRO INDUSTRIAL,006218,16,TRUE
641,SALITRE OCCIDENTAL,006313,13,TRUE
683,MODELIA,006311,10,TRUE
28,CANAIMA,008544,1,TRUE
820,CASABLANCA SUBA URBANO I,009138,11,TRUE
31,TIBABITA I,008542,1,TRUE
29,TIBABITA,008521,1,TRUE
712,VILLAS DE GRANADA,005647,10,TRUE
454,SAN BERNARDINO XIX,205319,7,TRUE
966,GORGONZOLA,004207,16,TRUE
967,EL EJIDO,006206,16,TRUE
162,ARMENIA,007105,14,TRUE
457,CHICALA,004605,8,TRUE
103,QUESADA,007204,13,TRUE
970,INDUSTRIAL CENTENARIO,006205,16,TRUE
165,SAMPER,008108,13,TRUE
561,LAS DOS AVENIDAS,006508,8,TRUE
1613,UNICERROS,,1,TRUE
1614,LA CRISTALINA,,1,TRUE
555,CIUDAD KENNEDY ORIENTAL,004510,8,TRUE
108,PARQUE NACIONAL ORIENTAL,101405,17,TRUE
106,PARDO RUBIO,008208,2,TRUE
974,BARCELONA,004303,16,TRUE
469,BOSA NOVA EL PORVENIR,004580,7,TRUE
151,LAGO GAITAN,008313,12,TRUE
976,SAN RAFAEL,004302,16,TRUE
472,LAS MARGARITAS,004316,8,TRUE
917,PUENTE ARANDA,006215,16,TRUE
919,EL RECUERDO,006201,13,TRUE
563,CIUDAD KENNEDY NORTE,004514,8,TRUE
920,LA SOLEDAD,007101,13,TRUE
922,ACEVEDO TEJADA,005107,13,TRUE
13,EL TOBERIN,008501,1,TRUE
478,SAN BERNARDINO XXII,105322,7,TRUE
570,HIPOTECHO,004501,8,TRUE
571,TECHO,004548,8,TRUE
481,BETANIA,004628,8,TRUE
1615,PRADOS DEL COUNTRY,,1,TRUE
1616,RECODO DEL COUNTRY,,1,TRUE
1617,SANTA COLOMA,,1,TRUE
1618,SOATAMA,,1,TRUE
578,VILLA NELLY III SECTOR,004578,8,TRUE
579,CIUDAD KENNEDY CENTRAL,004511,8,TRUE
639,CIUDAD SALITRE SUR-ORIENTAL,006217,13,TRUE
580,LOS ALMENDROS,004609,8,TRUE
485,OSORIO XII,004615,8,TRUE
582,VALLADOLID,006515,8,TRUE
584,EL JAZMIN,004611,8,TRUE
585,GRANJAS DE TECHO,006306,16,TRUE
126,HOYA TEUSACA,101201,4,TRUE
488,OSORIO X,105210,8,TRUE
1619,TOLEDO,,1,TRUE
1620,TORRES DEL COUNTRY,,1,TRUE
1621,VERGEL DEL COUNTRY,,1,TRUE
1622,CAMPO ALEGRE,,1,TRUE
1623,MOLINOS DEL NORTE,,1,TRUE
1624,MULTICENTRO,,1,TRUE
10,BRITALIA,009102,11,TRUE
307,EL NUEVO PORTAL II,002620,5,TRUE
927,BANCO CENTRAL,007208,13,TRUE
591,EL PARAISO BOSA,004541,8,TRUE
1072,LUCERO DEL SUR,002517,19,TRUE
168,SAN MARTIN,008109,3,TRUE
309,EL UVAL RURAL,102502,5,TRUE
592,PASTRANA,004525,8,TRUE
129,QUINTA CAMACHO,008201,12,TRUE
1625,NAVARRA,,1,TRUE
1626,SANTA BARBARA,,1,TRUE
1627,SANTA PAULA ,,1,TRUE
1015,SAN JORGE SUR,001411,18,TRUE
292,EL PORTAL URBANO,002642,5,TRUE
495,LA VEGA SAN BERNARDINO,004624,7,TRUE
248,LA VICTORIA,001310,4,TRUE
652,ATAHUALPA,006416,9,TRUE
30,BUENAVISTA,008535,1,TRUE
548,CASTILLA,006506,8,TRUE
550,BAVARIA,006504,8,TRUE
551,LUSITANIA,006509,16,TRUE
456,CIUDADELA EL RECREO II,004638,7,TRUE
911,QUINTA PAREDES,006209,13,TRUE
105,MARLY,008212,2,TRUE
912,FLORIDA,006101,14,TRUE
35,BOSQUE DE PINOS I,008536,1,TRUE
812,LA CANDELARIA,009141,11,TRUE
702,VILLAS DE GRANADA I,005649,10,TRUE
703,BOLIVIA,005622,10,FALSE
725,LAS FERIAS,005404,12,TRUE
643,FRANCO,006308,9,TRUE
882,QUINTA MUTIS,007308,12,TRUE
832,EL POA,009211,11,TRUE
823,RIONEGRO,005308,12,TRUE
968,SAN FRANCISCO,004206,16,TRUE
913,CENTRO NARINO,006210,16,TRUE
131,EL BAGAZAL,008319,2,FALSE
458,VILLAS DEL PROGRESO,004567,7,TRUE
553,CIUDAD KENNEDY OCCIDENTAL,004508,8,TRUE
793,SABANA DE TIBABUYES,009232,11,TRUE
604,GALAN,004627,8,TRUE
709,CIUDAD BACHUE I ETAPA,005631,10,TRUE
376,ALASKA,002551,5,TRUE
711,CLUB DE LOS LAGARTOS,009121,11,TRUE
714,LUIS CARLOS GALAN,005661,11,TRUE
786,PINOS DE LOMBARDIA,009245,11,TRUE
606,LAS ACACIAS,004626,8,TRUE
607,NUEVO TECHO,006507,9,TRUE
798,SAN CARLOS DE SUBA,009251,11,TRUE
460,CHICO SUR,004595,7,TRUE
829,SANTA RITA DE SUBA,009255,11,TRUE
43,PARAMO,108104,2,TRUE
718,GARCES NAVAS,005627,10,TRUE
861,ALTOS DE SUBA,009260,11,TRUE
1540,EL CODITO,,1,TRUE
1541,EL REFUGIO DE SAN ANTONIO,,1,TRUE
1542,EL VERBENAL,,1,TRUE
1543,HORIZONTES,,1,TRUE
1544,LA FRONTERA,,1,TRUE
1545,LA LLANURITA,,1,TRUE
1546,LOS CONSUELOS,,1,TRUE
1547,MARANTA,,1,TRUE
1548,MATURIN,,1,TRUE
1549,MEDELLIN,,1,TRUE
1550,MIRADOR DEL NORTE,,1,TRUE
1551,NUEVO HORIZONTE,,1,TRUE
1552,SANTA FELISA,,1,TRUE
1553,SANTANDERSITO,,1,TRUE
1554,VIÑA DEL MAR,,1,TRUE
1555,BOSQUE DE SAN ANTONIO ,,1,TRUE
1556,CONJUNTO CAMINO DEL PALMAR,,1,TRUE
1557,EL PITE,,1,TRUE
1558,LOS NARANJOS,,1,TRUE
1559,SAN JUAN BOSCO,,1,TRUE
1560,URBANIZACION LOS LAURELES,,1,TRUE
1561,AINSUCA,,1,TRUE
1562,ALTABLANCA,,1,TRUE
1563,CALIFORNIA,,1,TRUE
1564,CERRO NORTE,,1,TRUE
1565,DANUBIO,,1,TRUE
1566,DON BOSCO,,1,TRUE
1567,LA PERLA ORIENTAL,,1,TRUE
1568,LAS ARENERAS,,1,TRUE
1569,MILAN BARRANCAS,,1,TRUE
1570,SANTA CECILIA NORTE PARTE ALTA,,1,TRUE
1571,SANTA CECILIA PARTE BAJA,,1,TRUE
1572,SORATAMA,,1,TRUE
1573,TORCOROMA,,1,TRUE
1574,VILLA NYDIA,,1,TRUE
1575,VILLA OLIVA,,1,TRUE
1576,BABILONIA,,1,TRUE
1577,DARDANELOS,,1,TRUE
1578,GUANOA,,1,TRUE
1579,JARDIN NORTE,,1,TRUE
1580,PANTANITO,,1,TRUE
1581,SANTA MONICA,,1,TRUE
1582,VILLA MAGDALA,,1,TRUE
1583,VILLAS DE ARANJUEZ,,1,TRUE
1584,VILLAS DEL MEDITERRANEO,,1,TRUE
1585,ZARAGOZA,,1,TRUE
1586,ACACIAS,,1,TRUE
1587,ANTIGUA,,1,TRUE
1588,BELMIRA,,1,TRUE
1589,CAPRI,,1,TRUE
1590,CEDRO BOLIVAR,,1,TRUE
1591,CEDRO GOLF,,1,TRUE
1592,CEDRO MADEIRA,,1,TRUE
1593,EL RINCON DE LAS MARGARITAS,,1,TRUE
1594,LA SONORA,,1,TRUE
1595,LISBOA ,,1,TRUE
1596,LOS CEDROS ,,1,TRUE
1597,MONTEARROYO,,1,TRUE
1598,NUEVA AUTOPISTA,,1,TRUE
1599,NUEVO COUNTRY,,1,TRUE
1600,SIERRAS DEL MORAL,,1,TRUE
1601,BELLA SUIZA ,,1,TRUE
1602,BELLAVISTA,,1,TRUE
1603,BOSQUE MEDINA,,1,TRUE
1604,EL PAÑUELITO,,1,TRUE
1605,EL PEDREGAL,,1,TRUE
1606,FRANCISCO MIRANDA,,1,TRUE
1607,LA GLORIETA,,1,TRUE
1608,LAS DELICIAS DEL CARMEN,,1,TRUE
1609,SAGRADO CORAZON,,1,TRUE
1610,SAN GABRIEL,,1,TRUE
1611,SANTA ANA OCCIDENTAL,,1,TRUE
1612,SANTA BARBARA ALTA,,1,TRUE
1,MIRADOR DEL NORTE II,008545,1,TRUE
462,CORREDOR FERREO DEL SUR,004572,19,TRUE
463,EL PORTAL DEL BRASIL,004591,7,TRUE
2,TIBABITA RURAL I,108111,1,TRUE
888,NICOLAS DE FEDERMAN,005106,13,TRUE
782,SABANA DE TIBABUYES NORTE,009234,11,TRUE
719,QUIRIGUA I,005683,10,TRUE
3,HORIZONTES NORTE,008533,1,TRUE
784,SALITRE SUBA,009226,11,TRUE
443,MARCO FIDEL SUAREZ I,001415,18,TRUE
841,TOSCANA,009229,11,TRUE
50,LAS ORQUIDEAS,008516,1,TRUE
138,LA CASTELLANA,005304,12,TRUE
975,LOS EJIDOS,004208,16,TRUE
785,VEREDA SUBA CERROS II,009265,11,TRUE
6,VILLA DEL PRADO,009129,11,TRUE
722,GARCES NAVAS SUR,005655,10,TRUE
816,CASABLANCA SUBA URBANO II,009139,11,TRUE
787,TIBABUYES II,009248,11,TRUE
789,RINCON DE SANTA INES,009217,11,TRUE
109,SIBERIA RURAL,201502,2,TRUE
790,TUNA,009261,11,TRUE
451,CHARLES DE GAULLE,004574,7,TRUE
791,CASABLANCA SUBA,009215,11,FALSE
8,LA URIBE,008525,1,TRUE
797,BILBAO,009252,11,TRUE
731,QUIRIGUA ORIENTAL,005639,10,TRUE
9,EL REDIL,008532,1,TRUE
794,CAMPANELLA,009219,11,TRUE
796,TIBABUYES OCCIDENTAL,009250,11,TRUE
12,GRANADA NORTE,009101,11,TRUE
58,SEGUNDO CONTADOR,008424,1,TRUE
730,PRIMAVERA,005617,10,TRUE
733,METROPOLIS,005207,12,TRUE
801,SUBA CERROS,009231,11,TRUE
14,SAN JOSE DE USAQUEN,008529,1,TRUE
735,EL MADRIGAL,005635,10,TRUE
60,ESCUELA DE CABALLERIA II,008419,1,TRUE
470,LA INDEPENDENCIA,004641,7,TRUE
559,DINDALITO,004614,8,TRUE
471,SAN BERNARDINO II,004635,7,TRUE
697,EL ENCANTO,005605,10,TRUE
737,PARIS GAITAN,005612,10,TRUE
572,CHUCUA DE LA VACA I,004621,8,TRUE
802,LA LOMITA,107112,11,TRUE
543,VERGEL OCCIDENTAL,006514,8,TRUE
384,LA PICOTA,002511,18,TRUE
560,DINTALITO,004618,8,TRUE
111,SIBERIA RURAL II,201503,2,TRUE
979,LA PRADERA,004305,16,TRUE
116,CATALUNA,008111,2,TRUE
803,TUNA BAJA,009242,11,TRUE
473,LAS MARGARITAS,004637,7,TRUE
562,SAUCEDAL,004560,8,TRUE
806,TUNA ALTA,009214,11,TRUE
741,EL LAUREL,005510,10,TRUE
807,TIBABUYES,009233,11,FALSE
808,VILLA HERMOSA,009244,11,TRUE
564,CORABASTOS,004547,8,TRUE
19,SAN ANTONIO NOROCCIDENTAL,008528,1,TRUE
67,LA LIBERIA,008517,1,TRUE
567,CHUCUA DE LA VACA III,004619,8,TRUE
549,PATIO BONITO,004554,8,TRUE
20,CASABLANCA SUBA URBANO,009136,11,TRUE
972,CUNDINAMARCA,006211,16,TRUE
143,ANTIGUO COUNTRY,008314,2,TRUE
23,TORCA II,008541,1,TRUE
24,VERBENAL SAN ANTONIO,008537,1,TRUE
118,EL PARAISO,008110,2,TRUE
753,LA ESTRADITA,005504,12,TRUE
1073,VILLA GLORIA,002549,19,TRUE
811,CASABLANCA SUBA,107102,11,TRUE
813,CONEJERA,009142,11,TRUE
817,CASABLANCA SUBA I,107110,11,TRUE
856,POTRERILLO,009240,11,TRUE
576,CIUDAD KENNEDY,004509,8,TRUE
981,SAN RAFAEL INDUSTRIAL,004301,16,TRUE
121,CHAPINERO CENTRAL,008213,13,TRUE
819,LAS MERCEDES SUBA RURAL,107107,11,TRUE
26,MIRANDELA,009133,11,TRUE
1074,VILLAS EL DIAMANTE,002558,19,TRUE
673,CHARCO RURAL,105402,9,TRUE
534,LA ESTANCIA,002418,19,TRUE
477,LA LIBERTAD,004593,7,TRUE
27,TIBABITA RURAL,108102,11,TRUE
894,LA LIBERTAD,005206,12,TRUE
142,PARAMO I,108109,2,TRUE
75,SAN GABRIEL NORTE,008406,1,TRUE
918,ORTEZAL,006208,16,TRUE
756,SAN ANTONIO URBANO,005660,10,TRUE
821,SAN JOSE DE BAVARIA,009113,11,TRUE
32,LA ESTRELLITA II,008546,1,TRUE
33,LA ESTRELLITA I,008540,1,TRUE
452,EL CORZO,004631,7,TRUE
453,SAN BERNARDINO RURAL,105317,7,TRUE
455,SANTA FE BOSA,004633,7,TRUE
163,TEUSAQUILLO,007104,13,TRUE
554,HIPOTECHO OCCIDENTAL,004502,8,TRUE
461,SAN BERNARDINO POTRERITOS,004623,7,TRUE
117,LA MAGDALENA,007103,13,TRUE
464,ESCOCIA,004519,8,TRUE
915,USATAMA,006110,14,TRUE
916,ESTRELLA,007106,14,TRUE
465,EL DANUBIO AZUL,004588,8,TRUE
973,GALAN,004304,16,TRUE
760,BOSQUE POPULAR,005505,13,TRUE
466,SAN BERNARDINO XVIII,105318,7,TRUE
164,LA MERCED,008103,3,TRUE
557,PATIO BONITO II,004555,8,TRUE
558,PIO XII,006505,8,TRUE
586,CALANDAIMA,004601,8,TRUE
112,SIBERIA CENTRAL,008220,2,TRUE
474,LA CABANA,004632,7,TRUE
638,SAN PEDRO DE LOS ROBLES,006523,9,TRUE
114,SANTA TERESITA,007102,13,TRUE
568,MANDALAY,004531,8,TRUE
978,BATALLON CALDAS,006207,16,TRUE
921,LAS AMERICAS,007107,13,TRUE
476,BRASILIA,004604,8,TRUE
480,SAN BERNARDINO XXV URBANO,004590,7,TRUE
923,GRAN AMERICA,006202,16,TRUE
573,HIPOTECHO SUR,004551,16,TRUE
574,VILLA ALSACIA II,006510,8,TRUE
575,COOPERATIVA DE SUB-OFICIALES,006501,8,TRUE
577,GRAN BRITALIA I,004556,8,TRUE
1148,SANTO DOMINGO,109105,20,TRUE
146,PARAMO I RURAL,101110,2,TRUE
1150,CHORRERAS,109107,20,TRUE
583,VILLA ALSACIA,006512,9,TRUE
486,VILLA EMMA,205316,7,TRUE
120,INGEMAR ORIENTAL,008218,2,TRUE
900,SANTA SOFIA,007406,12,TRUE
761,NORMANDIA,005507,10,TRUE
489,CANAVERALEJO RURAL,205308,7,TRUE
1152,TUNAL BAJO,109114,20,TRUE
1153,TUNAL ALTO,109109,20,TRUE
124,MARIA CRISTINA,008205,2,TRUE
125,JUAN XXIII,008211,2,TRUE
926,CIUDAD UNIVERSITARIA,005108,13,TRUE
487,EL CORZO I,004643,7,TRUE
587,PATIO BONITO III,004566,8,TRUE
127,LA SALLE,008206,2,TRUE
490,CANAVERALEJO,004634,7,TRUE
497,EL CARMELO,004559,8,TRUE
385,EL PEDREGAL II,002640,5,TRUE
491,CIUDADELA EL RECREO,004573,7,TRUE
332,PASQUILLITA,104102,19,TRUE
333,LAS MERCEDES,104108,19,TRUE
334,LA REGADERA,102808,19,TRUE
335,SANTA BARBARA,104113,19,TRUE
336,SANTA ROSA,104112,19,TRUE
493,OSORIO X URBANO,004616,8,TRUE
588,CIUDAD TECHO II,006531,8,TRUE
589,CIUDAD DE CALI,004607,8,TRUE
88,PRADO PINZON,009105,11,TRUE
148,PORCIUNCULA,008306,2,TRUE
902,ONCE DE NOVIEMBRE,007405,12,TRUE
775,FLORIDA BLANCA,005621,10,TRUE
934,PALOQUEMAO,006107,16,TRUE
89,CEDRO SALAZAR,008508,1,TRUE
615,LA MAGDALENA,006524,9,TRUE
498,LOS SAUCES,004587,7,TRUE
499,LA PAZ BOSA,004520,8,TRUE
98,EL CONTADOR,008514,1,TRUE
769,LECH WALESA,009227,11,TRUE
386,SANTA LIBRADA NORTE,002528,5,TRUE
771,LA SOLEDAD NORTE,005615,10,TRUE
772,EL DORADO INDUSTRIAL,005663,10,TRUE
781,TABORA,005609,10,TRUE
665,SANTA CECILIA,006301,10,FALSE
500,REMANSO URBANO,004602,7,TRUE
155,EL NOGAL,008311,2,TRUE
905,CAMPIN,007201,13,TRUE
636,PROVIVIENDA ORIENTAL,004503,16,TRUE
1085,ARBORIZADORA ALTA I,002460,19,TRUE
1086,EL SATELITE,002545,19,TRUE
93,ACACIAS USAQUEN,008510,1,TRUE
94,PARAMO II RURAL,108112,1,TRUE
906,COLOMBIA,007303,12,TRUE
1027,MOCHUELO ALTO URBANO,204131,19,TRUE
1007,QUIROGA SUR,002204,18,TRUE
270,MONTEBELLO,001302,4,TRUE
156,SAN ISIDRO RURAL,208108,2,TRUE
694,PUENTE GRANDE,006418,9,TRUE
826,LAS VILLAS,009122,11,TRUE
501,LOS LAURELES,004575,7,TRUE
502,BOSA NOVA,004526,7,TRUE
598,EL VERGEL,006528,9,TRUE
599,EL TINTAL IV,006534,8,TRUE
845,LA GAITANA ORIENTAL,009262,11,TRUE
503,ISLANDIA,004642,7,TRUE
693,EL CHARCO,205402,9,TRUE
130,BELLAVISTA,008305,2,TRUE
160,EL REFUGIO II,201108,2,TRUE
600,TINTALA,006516,8,TRUE
699,CIUDAD BACHUE,005630,10,TRUE
907,LA PAZ,007310,12,TRUE
822,RINCON ALTAMAR,009266,11,TRUE
700,VILLAS DE ALCALA,005668,10,TRUE
701,BOCHICA II,005644,11,TRUE
36,PRADO VERANIEGO,009107,11,TRUE
846,VILLA MARIA,009209,11,TRUE
37,MOLINOS NORTE,008416,1,TRUE
824,ANDES NORTE,009127,11,TRUE
696,LA ESPERANZA SUR,006315,9,TRUE
1106,LAGUNITAS,204304,19,TRUE
406,MONTEBLANCO,002536,5,TRUE
601,OSORIO III,006518,8,TRUE
883,BENJAMIN HERRERA,007309,12,TRUE
704,LA FAENA,005666,10,TRUE
909,PABLO VI NORTE,005116,13,TRUE
293,PORTAL RURAL II,102506,5,TRUE
492,PARCELA EL PORVENIR,004630,7,TRUE
494,SAN BERNARDINO XXV,105325,7,TRUE
827,ALMIRANTE COLON,009218,11,TRUE
706,LAS FERIAS OCCIDENTAL,005405,10,TRUE
128,BOSQUE CALDERON,008207,2,TRUE
928,BELALCAZAR,007206,13,TRUE
707,BONANZA,005406,10,TRUE
644,EL REFUGIO,006419,9,TRUE
602,EL TINTAL III,006533,8,TRUE
133,EMAUS,008202,2,TRUE
885,BAQUERO,007306,13,TRUE
605,GALAN RURAL,205221,8,TRUE
929,PAULO VI,005113,13,TRUE
262,SURAMERICA,001407,4,TRUE
39,LA CALLEJA,008401,1,TRUE
713,BOYACA,005603,10,TRUE
40,SANTA ANA OCCIDENTAL,008414,1,FALSE
646,SAN PABLO JERICO,006413,9,TRUE
306,EL PORVENIR DE LOS SOCHES,102110,5,TRUE
41,SANTA BIBIANA,008412,1,TRUE
311,LA REQUILINA RURAL II,102604,5,TRUE
1126,RAIZAL,103205,20,TRUE
830,BOSQUES DE SAN JORGE,009241,11,TRUE
327,LA REQUILINA RURAL,102122,5,TRUE
348,TOCAIMITA ORIENTAL I,002622,5,TRUE
55,CHICO NORTE II SECTOR,008301,2,TRUE
649,EL CHANCO I,006525,9,TRUE
135,GRANADA,008204,2,TRUE
608,MONTEVIDEO,006307,16,TRUE
136,CHAPINERO OCCIDENTAL,007203,13,TRUE
828,LOMBARDIA,009228,11,TRUE
411,CHUNIZA,002537,5,TRUE
444,FATIMA,002408,6,TRUE
44,COUNTRY CLUB,008402,1,TRUE
329,PASQUILLA,104104,19,TRUE
350,SAN FELIPE DE USME RURAL,202404,5,TRUE
250,PRIMERO DE MAYO,001112,4,TRUE
831,SUBA URBANO,009212,11,TRUE
833,BERLIN,009259,11,TRUE
496,SAN PEDRO,004589,7,TRUE
330,OLARTE,102707,19,TRUE
269,TIBAQUE URBANO,001116,4,TRUE
716,CENTRO ENGATIVA II,005667,10,TRUE
834,PRADO VERANIEGO SUR,009117,11,TRUE
1128,NUEVA GRANADA,109116,20,TRUE
1129,SAN JOSE,109111,20,TRUE
935,COLSEGUROS,006109,14,TRUE
651,AEROPUERTO EL DORADO,005624,10,TRUE
45,CANODROMO,009130,11,TRUE
727,EL REAL,005604,10,TRUE
844,LA GAITANA,009216,11,TRUE
593,CASA BLANCA SUR,004576,8,TRUE
959,LIBERTADOR,002305,18,TRUE
1137,LOS RIOS,103108,20,TRUE
594,TIMIZA,004512,8,TRUE
595,PROVIVIENDA,004504,8,TRUE
835,LOS ANDES,005307,12,TRUE
46,SANTA ANA,008408,1,TRUE
653,EL CHANCO II,205401,9,TRUE
1139,LAS PALMAS,103107,20,TRUE
655,VERSALLES FONTIBON,006401,9,TRUE
597,PROVIVIENDA OCCIDENTAL,004505,8,TRUE
656,CIUDAD SALITRE NOR-ORIENTAL,006216,13,TRUE
170,LA ALAMEDA,003101,14,TRUE
137,LAS ACACIAS,008203,2,TRUE
836,GILMAR,009114,11,TRUE
837,SAN PEDRO,009253,11,TRUE
734,LA ESTRADA,005502,10,TRUE
839,LAS FLORES,009210,11,TRUE
842,LISBOA,009254,11,TRUE
720,LA RIVIERA,005670,10,TRUE
721,LOS CEREZOS,005616,11,TRUE
51,ESCUELA DE INFANTERIA,008410,1,TRUE
52,CHICO NORTE III SECTOR,008315,2,TRUE
726,PALO BLANCO,005501,10,TRUE
657,LA CABANA FONTIBON,006402,9,TRUE
658,PUERTA DE TEJA,006404,10,TRUE
53,ESCUELA DE CABALLERIA I,008409,1,TRUE
659,BELEN FONTIBON,006409,9,TRUE
889,ENTRERIOS,005306,12,TRUE
57,LA CAROLINA,008403,1,TRUE
194,LAS CRUCES,003202,4,TRUE
843,EL PLAN,009128,11,TRUE
987,SAN EUSEBIO,004401,16,TRUE
1003,QUIROGA I,002209,18,TRUE
318,EL BOSQUE SUR ORIENTAL,002628,5,TRUE
54,LA CITA,008504,1,TRUE
1030,CEDRITOS DEL SUR,002574,19,TRUE
56,BELLA SUIZA,008404,1,TRUE
512,JACQUELINE,004517,8,TRUE
728,EL CEDRO,005629,10,TRUE
1031,ESPINO I,002449,19,TRUE
399,LA CABANA,001348,5,FALSE
1034,CERRO COLORADO,002575,19,TRUE
729,TIBABUYES,009257,11,TRUE
1002,OLAYA,002201,18,TRUE
167,LA PERSEVERANCIA,008104,3,TRUE
986,JORGE GAITAN CORTES,004210,16,TRUE
1091,EL MOCHUELO III URBANO,002588,19,TRUE
59,PARAMO III RURAL,108114,2,TRUE
891,ESCUELA MILITAR,005310,12,TRUE
847,SANTA CECILIA,009256,11,FALSE
661,VILLA GLADYS,005637,10,TRUE
1037,QUIBA,002530,19,TRUE
211,QUINDIO,001318,4,TRUE
1099,MARIA CANO,002429,19,TRUE
1100,LA PRIMAVERA I,002443,19,TRUE
947,LA FRAGUITA,002101,15,TRUE
956,VILLA MAYOR ORIENTAL,002309,18,TRUE
957,SANTANDER SUR,002302,18,TRUE
439,ESCUELA GENERAL SANTANDER,002405,18,TRUE
367,EL MOCHUELO II URBANO,002598,19,TRUE
72,BARRANCAS NORTE,008506,1,TRUE
140,EL CHICO,008308,2,TRUE
893,SAN FERNANDO OCCIDENTAL,005204,12,TRUE
514,SAN PABLO BOSA,004524,7,TRUE
858,AURES,009205,11,TRUE
1004,QUIROGA,002202,18,TRUE
749,VILLA SAGRARIO,005658,10,TRUE
515,EL RETAZO,004533,7,TRUE
736,EL DORADO,005664,11,TRUE
1005,QUIROGA CENTRAL,002203,18,TRUE
1042,EL MOCHUELO IV,104127,19,TRUE
738,SANTA CECILIA,207801,11,TRUE
848,COSTA AZUL,009208,11,TRUE
64,GINEBRA,008405,1,TRUE
195,LA HORTUA,001208,15,TRUE
196,EL GUAVIO,003205,17,TRUE
517,CATALINA II,004540,8,TRUE
65,BATAN,009118,11,TRUE
739,LA SERENA,005613,11,TRUE
663,EL CARMEN FONTIBON,006408,9,TRUE
849,NIZA SUR,009109,11,TRUE
740,BOLIVIA,005675,10,TRUE
984,LA CAMELIA,004309,16,TRUE
664,VILLA CARMENZA,006417,9,TRUE
1102,LOS TRES REYES,002446,19,TRUE
1107,PERDOMO ALTO,002450,19,TRUE
626,TEJAR,004408,16,TRUE
175,SAN VICTORINO,006105,14,TRUE
850,LA CHUCUA,009221,11,TRUE
66,BOSQUE DE PINOS,008520,1,TRUE
62,ESTRELLA DEL NORTE,008519,1,TRUE
1108,BELLA FLOR,002580,19,TRUE
852,ESCUELA DE CARABINEROS,009132,11,TRUE
191,SAN ANTONIO,002102,15,TRUE
192,BELEN,003204,17,TRUE
372,TOCAIMITA ORIENTAL,202410,5,TRUE
669,LAS NAVETAS,005672,9,TRUE
427,SANTA LUCIA,002205,18,TRUE
178,LA CAPUCHINA,003108,17,TRUE
68,SANTA BARBARA OCCIDENTAL,008417,1,TRUE
931,LA ESMERALDA,005111,13,TRUE
1093,ESTRELLA DEL SUR,002540,19,TRUE
259,SAN BLAS,001106,4,TRUE
671,FERROCAJA FONTIBON,006405,9,TRUE
69,SEMINARIO,008302,2,TRUE
622,TIMIZA B,004530,8,TRUE
521,LA CECILIA,004532,8,TRUE
854,ALTOS DE CHOZICA,009222,11,TRUE
260,LAS MERCEDES,001107,4,TRUE
1048,CIUDAD BOLIVAR RURAL III,104118,19,TRUE
855,VILLA ELISA,009207,11,TRUE
892,LA PATRIA,005305,12,TRUE
141,POLO CLUB,007401,12,TRUE
748,CIUDADELA COLSUBSIDIO,005650,11,TRUE
628,NUEVA YORK,004549,8,TRUE
895,PARQUE DISTRITAL SALITRE,005112,13,TRUE
63,MAZUREN,009110,11,TRUE
73,GINEBRA II,008425,1,TRUE
750,EL MINUTO DE DIOS,005601,11,TRUE
674,NORMANDIA OCCIDENTAL,005606,10,TRUE
675,EL TINTAL,105104,9,TRUE
676,ZONA FRANCA,006520,9,TRUE
630,ALQUERIA LA FRAGUA,004543,8,TRUE
678,VILLEMAR,006406,9,TRUE
76,SANTA CECILIA NORTE,008543,1,TRUE
1054,SIERRA MORENA,002440,19,TRUE
1055,SIERRA MORENA II,002444,19,TRUE
859,SANTA HELENA,009131,11,TRUE
860,LAGO DE SUBA,009220,11,TRUE
77,PARAMO URBANO I,008420,1,TRUE
78,PARAMO URBANO,208104,2,TRUE
1057,EL MOCHUELO URBANO,002585,19,TRUE
941,EL PROGRESO,004111,14,TRUE
857,AURES II,009206,11,TRUE
525,VILLA DEL RIO,004546,8,TRUE
1058,EL MOCHUELO III,104128,19,TRUE
1059,QUIBA RURAL,204128,19,TRUE
949,SAN JOSE SUR,001401,18,TRUE
660,MARANDU,005665,10,TRUE
742,SAN ANTONIO ENGATIVA,005679,10,TRUE
1109,EL PENON DEL CORTIJO,002433,19,TRUE
732,QUIRIGUA II,005684,10,TRUE
413,EL BOSQUE,002609,5,TRUE
144,SAN LUIS ALTOS DEL CABO,008316,2,TRUE
79,MONACO,009111,11,TRUE
80,VICTORIA NORTE,009104,11,TRUE
754,EL CORTIJO,005634,10,TRUE
81,BARRANCAS,008507,1,TRUE
757,FLORENCIA,005620,10,TRUE
182,HOYA SAN CRISTOBAL,101301,4,TRUE
532,VILLA ANNY II,004599,7,TRUE
183,SANTA INES,003107,17,TRUE
952,SOSIEGO SUR,001404,18,TRUE
317,BRISAS DEL LLANO,002635,5,TRUE
862,NIZA SUBA,009112,11,TRUE
1063,EL MIRADOR,002570,19,TRUE
680,LA LAGUNA FONTIBON,006415,9,TRUE
744,PARIS,005619,10,TRUE
530,GUALOCHE,004552,7,TRUE
863,VEREDA SUBA NARANJOS,009249,11,TRUE
1076,LOS LAURELES II,002544,19,TRUE
82,SANTA BARBARA CENTRAL,008415,1,TRUE
758,CAMPO EUCARISTICO,005114,13,TRUE
759,POTOSI,005401,11,TRUE
70,LOS CEDROS,008515,1,TRUE
613,SABANA GRANDE,006521,9,TRUE
432,PARQUE EL TUNAL,002410,19,TRUE
536,BARLOVENTO,002417,19,TRUE
147,EL REFUGIO,008303,2,TRUE
1012,GRANJAS SAN PABLO,001412,18,TRUE
864,ATENAS,009119,11,TRUE
865,TTES DE COLOMBIA,009223,11,TRUE
951,CIUDAD JARDIN SUR,001204,18,TRUE
84,BOSQUE DE PINOS III,008538,1,TRUE
85,SANTA BARBARA ORIENTAL,008413,1,TRUE
1014,MARRUECOS,001418,18,TRUE
765,LA GRANJA,005610,10,TRUE
1000,PARQUE NACIONAL URBANO,008114,17,TRUE
423,TUNJUELITO,002508,18,TRUE
86,BOSQUE DE PINOS III RURAL,108113,1,TRUE
764,ENGATIVA EL DORADO,106301,10,TRUE
1114,LOS ALPES SUR,002559,19,TRUE
944,SANTA ISABEL SUR,004107,16,TRUE
87,SAN ISIDRO,008317,2,TRUE
867,IBERIA,009115,11,TRUE
868,EL RINCON NORTE,009204,11,TRUE
685,GUADUAL FONTIBON,006407,9,TRUE
903,LA AURORA,007407,12,TRUE
768,EL GACO,005669,10,TRUE
686,BRISAS ALDEA FONTIBON,006414,9,TRUE
687,LOS ANGELES,005623,10,TRUE
91,PARAMO URBANO III,008422,2,TRUE
154,LA ESPERANZA,208107,2,TRUE
991,AUTOPISTA SUR,004404,16,TRUE
953,SENA,002106,16,TRUE
642,TERMINAL DE TRANSPORTES,006319,9,TRUE
870,LOS NARANJOS,009201,11,TRUE
773,JULIO FLOREZ,005403,12,TRUE
880,RAFAEL URIBE,007312,12,TRUE
698,EL SALITRE,005110,13,TRUE
774,LA CAROLINA DE SUBA,009236,11,TRUE
186,SAN BERNARDINO,003201,17,TRUE
441,SAN CARLOS,002501,18,TRUE
92,SAN JOSE DEL PRADO,009106,11,TRUE
95,SAN PATRICIO,008418,1,TRUE
689,CIUDAD HAYUELOS,006320,9,TRUE
157,SAN FELIPE,007403,12,TRUE
249,CIUDAD LONDRES I,001346,5,TRUE
158,PARAMO II,108108,2,TRUE
614,EL TINTAL II,006522,9,TRUE
188,EDUARDO SANTOS,004105,15,TRUE
1095,ARBORIZADORA ALTA,002573,19,TRUE
97,CEDRO NARVAEZ,008511,1,TRUE
776,SANTA TERESA DE SUBA,009238,11,TRUE
871,EL RINCON,009202,11,TRUE
872,CIUDAD JARDIN NORTE,009108,11,TRUE
263,SAN PEDRO,001306,4,TRUE
96,CEDRITOS,008512,1,TRUE
777,BOLIVIA ORIENTAL,005640,11,TRUE
778,SANTA ROSA,005402,11,TRUE
874,PRADO VERANIEGO NORTE,009116,11,TRUE
875,RINCON DE SUBA,009237,11,TRUE
434,VENECIA OCCIDENTAL,002403,8,TRUE
876,CIUDAD HUNZA,009235,11,TRUE
99,LOS CEDROS ORIENTAL,008509,1,TRUE
388,GRANADA SUR,002541,5,TRUE
100,USAQUEN,008407,1,TRUE
877,PASADENA,009125,11,TRUE
1092,NUEVA ESPERANZA,204106,19,TRUE
751,JOSE JOAQUIN VARGAS,005101,12,TRUE
101,ESTORIL,009126,11,TRUE
1088,LA ALAMEDA,002523,19,TRUE
618,VEREDA EL TINTAL URBANO,205101,8,TRUE
392,CIUDAD LONDRES,001349,5,TRUE
619,OSORIO II,105203,8,TRUE
294,EL PROGRESO USME,002613,5,TRUE
295,TOCAIMITA SUR,102412,5,TRUE
1080,RAFAEL ESCAMILLA,002421,19,TRUE
296,LA ORQUIDEA DE USME,002614,5,TRUE
1081,GALICIA,002427,19,TRUE
505,SAN BERNARDINO XVIII,205318,7,FALSE
611,EL VERGEL ORIENTAL,006529,8,TRUE
297,BRAZUELOS OCCIDENTAL RURAL,104130,19,TRUE
1018,DIANA TURBAY,001421,18,TRUE
1096,BELLAVISTA LUCERO ALTO,002560,19,TRUE
1087,BELLA FLOR SUR,002582,19,TRUE
414,EL BOSQUE CENTRAL I,002608,5,TRUE
415,CHAPINERITO,002610,5,TRUE
396,DONA LILIANA,001345,5,TRUE
395,EL CURUBO,002606,5,TRUE
190,SANTA BARBARA,003203,17,TRUE
298,LOS ARRAYANES,102401,5,TRUE
752,LA CABANA,005508,10,TRUE
301,USMINIA,002538,5,TRUE
74,CAOBOS SALAZAR,008518,1,TRUE
666,EL CHANCO RURAL III,105403,9,TRUE
310,VILLA ANITA,002619,5,TRUE
187,EGIPTO,003105,17,TRUE
667,SAN IGNACIO,005607,10,TRUE
303,DESARROLLO BRAZUELOS,002592,5,TRUE
302,LA ESPERANZA DE USME,002615,5,TRUE
261,SAN ISIDRO,001406,18,TRUE
668,LA GIRALDA,006420,9,TRUE
257,BOSQUE DE LOS ALPES,001339,4,TRUE
189,SAN FRANCISCO RURAL,003215,17,TRUE
312,EL REFUGIO I,002617,5,TRUE
313,EL NUEVO PORTAL II RURAL,202506,5,TRUE
304,PUERTA AL LLANO RURAL,202511,5,TRUE
308,VILLA ISRAEL,002594,5,TRUE
1097,QUIBA BAJO,104110,19,TRUE
314,PUERTA AL LLANO DE USME,002618,5,TRUE
401,MOCHUELO ALTO,002596,19,TRUE
315,EL PORTAL DEL DIVINO,002630,5,TRUE
851,CASA BLANCA SUBA I,009258,11,TRUE
316,EL TUNO,002634,5,TRUE
132,LA ESPERANZA,007305,12,TRUE
884,MUEQUETA,007307,12,TRUE
319,CENTRO USME RURAL,102601,5,TRUE
825,NIZA NORTE,009123,11,TRUE
405,TIBAQUE II,201309,5,TRUE
1090,CANDELARIA LA NUEVA,002531,19,TRUE
442,NUEVO MUZU,002409,19,TRUE
960,VILLA MAYOR,002311,18,TRUE
535,PRIMAVERA II,002428,19,TRUE
1075,LAS BRISAS,002430,19,TRUE
320,EL BOSQUE SUR ORIENTAL RURAL I,102309,5,TRUE
853,NUEVA TIBABUYES,009224,11,TRUE
324,LA REQUILINA,002632,5,TRUE
161,SIBERIA,008221,2,TRUE
325,CENTRO USME URBANO,002599,5,TRUE
328,CENTRO USME,202601,5,TRUE
331,CENTRO USME RURAL II,102603,5,TRUE
139,CHICO NORTE,008307,2,TRUE
1028,PASQUILLA URBANA,204104,19,TRUE
670,CENTRO FONTIBON,006410,9,TRUE
612,EL JAZMIN,205209,8,FALSE
265,ALTOS DEL POBLADO,001333,4,TRUE
504,OSORIO XXIII,105223,7,TRUE
134,CHAPINERO NORTE,008214,13,TRUE
1130,SANTA ROSA ALTA,103101,20,TRUE
747,SANTA CECILIA,005638,10,TRUE
1133,SANTA ROSA BAJA,103103,20,TRUE
351,LAS VIOLETAS RURAL,102118,5,TRUE
708,SANTA HELENITA,005608,10,TRUE
193,LA PENA,003206,3,TRUE
400,LILIANA,102211,5,TRUE
38,LISBOA,008513,1,TRUE
603,INTERINDUSTRIAL,006527,9,TRUE
1135,PENALISA,103206,20,TRUE
1138,NAZARETH,103106,20,TRUE
1140,LAS ANIMAS,103104,20,TRUE
1141,LAS SOPAS,103109,20,TRUE
1142,SAN ANTONIO,109102,20,TRUE
1143,EL TOLDO,109101,20,TRUE
1144,CAPITOLIO,109112,20,TRUE
1147,SAN JUAN URBANO,209104,20,TRUE
965,MURILLO TORO,002310,18,TRUE
672,MORAVIA,006519,9,TRUE
206,LA ARBOLEDA RURAL,101309,5,TRUE
710,ENGATIVA ZONA URBANA,005636,10,TRUE
352,PEPINITOS,102405,5,TRUE
964,SANTIAGO PEREZ,002304,18,TRUE
353,TIHUAQUE,001340,5,TRUE
356,DESARROLLO BRAZUELOS I,002556,5,TRUE
358,COMUNEROS,002543,5,TRUE
359,SERRANIAS,002542,5,TRUE
621,TOCAREMA,004565,8,TRUE
281,CIUDAD BERNA,001202,15,TRUE
647,KASANDRA,006532,9,TRUE
648,EL CHANCO RURAL II,105401,9,TRUE
715,VILLA LUZ,005614,10,TRUE
362,PORVENIR,002589,5,TRUE
930,CENTRO ADMINISTRATIVO OCC.,005109,13,TRUE
210,LAS LOMAS,001409,18,TRUE
397,LA CABANA,002527,5,TRUE
1066,SUMAPAZ,002553,19,TRUE
508,CATALINA,004545,8,TRUE
207,ARRAYANES V,002625,18,TRUE
886,SAN LUIS,007202,13,TRUE
283,CORDOBA,001303,4,TRUE
198,LOS LACHES,003207,4,TRUE
199,MODELO SUR,001209,4,TRUE
762,AUTOPISTA MEDELLIN,005611,10,TRUE
763,SANTA MONICA,005641,10,TRUE
278,ALTAMIRA,001315,4,TRUE
363,DANUBIO,002519,18,TRUE
507,ARGELIA II,004583,8,TRUE
650,SABANA DEL DORADO,005657,10,TRUE
171,LA FAVORITA,006104,14,TRUE
1032,SIERRA MORENA,002438,19,FALSE
204,LA PE?A RURAL,201404,3,TRUE
1035,BELLA FLOR SUR RURAL,104107,19,TRUE
1033,ISMAEL PERDOMO,002414,19,TRUE
208,NARINO SUR,001207,15,TRUE
209,SAN BLAS II,001113,4,TRUE
42,LA PRADERA NORTE,008502,1,TRUE
510,ANTONIA SANTOS,004570,7,TRUE
364,ARRAYANES VI,002637,18,TRUE
365,DANUBIO II,002577,18,TRUE
766,EL MUELLE,005652,10,TRUE
398,MARICHUELA,002529,5,TRUE
200,GIRARDOT,003211,3,TRUE
1113,LAS ACACIAS,002513,19,TRUE
866,PUENTE LARGO,009124,11,TRUE
61,SAN CRISTOBAL NORTE,008505,1,TRUE
767,PARQUE POPULAR SALITRE,005115,13,TRUE
682,EL TINTAL CENTRAL,006423,9,TRUE
215,BELLO HORIZONTE,001304,4,TRUE
422,EL CARMEN,002407,6,TRUE
280,ARRAYANES I,002601,18,TRUE
1115,NACIONES UNIDAS,002546,19,TRUE
901,POPULAR MODELO,005102,12,TRUE
305,ANTONIO JOSE DE SUCRE,002571,5,TRUE
1077,ARBORIZADORA ALTA II,002461,19,TRUE
743,ALAMOS,005643,10,TRUE
379,BARRANQUILLITA,002525,5,TRUE
1145,LAS VEGAS,109103,20,TRUE
1146,SAN JUAN,109104,20,TRUE
366,LA FISCALA NORTE,002597,18,TRUE
511,PASO ANCHO,004528,7,TRUE
513,EL RUBI,004536,8,TRUE
1149,LA UNION,109106,20,TRUE
1151,LAGUNITAS,109113,20,TRUE
173,EL DORADO,003209,4,TRUE
1016,GRANJAS DE SANTA SOFIA,001425,18,TRUE
1038,JUAN JOSE RONDON,002557,19,TRUE
1023,DIANA TURBAY CULTIVOS,001432,18,TRUE
83,PARAMO IV,208101,2,TRUE
216,VILLA DE LOS ALPES I,001430,4,TRUE
321,EL UVAL,202502,5,TRUE
1039,SIERRA MORENA.,002439,19,FALSE
516,JOSE ANTONIO GALAN,004569,8,TRUE
684,JARDIN BOTANICO,005506,13,TRUE
213,AGUAS CLARAS,201304,4,TRUE
950,CARACAS,001203,15,TRUE
908,SIETE DE AGOSTO,007311,12,TRUE
1006,PUERTO RICO,001427,18,TRUE
1041,EL TESORO,002547,19,TRUE
519,SAN BERNARDINO I,004597,7,TRUE
354,LA COMUNA,002612,5,TRUE
938,COMUNEROS,004202,16,TRUE
518,JIMENEZ DE QUESADA II SECTOR,004586,7,TRUE
218,SAN JAVIER,001110,4,TRUE
219,SOCIEGO,001205,18,TRUE
426,MEISSEN,002514,19,TRUE
538,SAN DIEGO-BOSA,004513,7,TRUE
425,EL PLAYON,001420,18,TRUE
509,BOSA,004522,8,TRUE
1036,CORDILLERA DEL SUR,002561,19,TRUE
220,CERROS DE ORIENTE,001428,18,TRUE
983,MONTES,004204,16,TRUE
633,LAS DELICIAS,004544,19,TRUE
1008,GUIPARMA,001429,18,TRUE
222,VILLA DE LOS ALPES,001408,4,TRUE
252,ALTOS DEL ZIPA,001342,4,TRUE
369,CHARALA,002611,5,TRUE
371,YOMASA NORTE,002586,19,TRUE
251,GRANADA SUR,001301,4,TRUE
221,RAMAJAL,001307,4,TRUE
1078,SOTAVENTO,002533,19,TRUE
177,LAS AGUAS,003103,17,TRUE
1045,VERONA,002412,19,TRUE
424,LA CORUNA,002420,19,TRUE
368,SAN FELIPE DE USME,002621,5,TRUE
373,VILLA DIANA,001335,5,TRUE
520,JIMENEZ DE QUESADA,004523,7,TRUE
988,BOCHICA,004211,16,TRUE
939,LA PEPITA,004110,14,TRUE
627,SANTA CATALINA,004584,8,TRUE
179,VITELMA,001103,4,TRUE
225,GUACAMAYAS III,001354,18,TRUE
226,ATENAS,001305,4,TRUE
1051,GIBRALTAR SUR,002554,19,TRUE
430,MOLINOS DEL SUR,001414,18,TRUE
1049,EL MINUTO DE MARIA,002564,19,TRUE
989,ALCALA,004407,16,TRUE
1050,ARABIA,002578,19,TRUE
180,VERACRUZ,003109,17,TRUE
526,OLARTE,004538,7,TRUE
1017,SAN AGUSTIN,001416,18,TRUE
1079,SAN RAFAEL,002539,19,TRUE
436,MADELENA,002415,19,TRUE
389,SANTA LIBRADA,002526,5,TRUE
381,NUEVO SAN ANDRES,002505,5,TRUE
533,LA ESTACION BOSA,004521,7,TRUE
994,OSPINA PEREZ,004406,16,TRUE
393,LA ANDREA,002524,5,TRUE
254,CIUDAD LONDRES RURAL,102312,5,TRUE
391,LOS OLIVARES,002604,5,TRUE
255,JUAN REY SUR,001347,5,TRUE
394,SAN JUAN BAUTISTA,002555,5,TRUE
955,EDUARDO FREY,002301,18,TRUE
1082,RINCON DE LA VALVANERA,002419,19,TRUE
996,OSPINA PEREZ SUR,004405,16,TRUE
435,VENECIA,002404,16,TRUE
227,LOS LIBERTADORES,001327,4,TRUE
1052,EL MOCHUELO II,104129,19,TRUE
1053,QUIBA URBANO,002583,19,TRUE
629,RENANIA URAPANES,004582,8,TRUE
954,SANTANDER,002105,15,TRUE
940,VERAGUAS,004109,16,TRUE
523,JOSE MARIA CARBONEL,004550,7,TRUE
990,REMANSO SUR,004412,16,TRUE
390,SALAZAR USME,002572,5,TRUE
256,SAN LUIS,001426,18,TRUE
524,BOITA,004516,8,TRUE
1009,CALLEJON SANTA BARBARA,001419,18,TRUE
229,GUACAMAYAS IV,001353,4,TRUE
230,LOS ALPES,001312,4,TRUE
374,AREA ARTILLERIA,002512,19,TRUE
258,MOLINOS DE ORIENTE,001104,4,TRUE
958,RESTREPO OCCIDENTAL,002104,18,TRUE
1094,VILLA CANDELARIA,002579,19,TRUE
264,MOLINO RURAL,101302,4,TRUE
231,LA BELLEZA,001338,5,TRUE
1103,BRISAS DEL VOLADOR,002587,19,TRUE
375,LA FISCALA,002590,5,TRUE
437,ISLA DEL SOL,002411,19,TRUE
408,SAN PEDRO SUR,001337,5,TRUE
274,LOS LAURELES I,201305,4,TRUE
942,LA ASUNCION,004203,16,TRUE
233,FISCALA ALTA,002602,5,TRUE
632,ALQUERIA,004409,16,TRUE
181,LA ESTANZUELA,004104,14,TRUE
963,BRAVO PAEZ,002306,18,TRUE
412,EL BOSQUE CENTRAL,102406,5,TRUE
276,POLICARPA,001211,15,TRUE
1022,INGLES,002307,18,TRUE
528,CEMENTERIO JARDINES APOGEO,004529,8,TRUE
417,EL VIRREY,002548,5,TRUE
635,PROVIVIENDA NORTE,004310,16,TRUE
279,VILLA DEL CERRO,001356,4,TRUE
235,LA MARIA,001109,4,TRUE
1060,SANTA VIVIANA,002442,19,TRUE
285,ALTOS DEL ZUQUE,001331,4,TRUE
1010,GUSTAVO RESTREPO,001402,18,TRUE
999,LA CAMELIA II,004317,16,TRUE
541,CLASS,004535,8,TRUE
1062,JUAN PABLO II,002552,19,TRUE
1123,EL MIRADOR DE LA ESTANCIA,002447,19,TRUE
539,GRAN COLOMBIANO,004539,7,TRUE
387,TUNJUELITO,002593,19,TRUE
1117,RINCON DE GALICIA,002424,19,TRUE
1024,CENTENARIO,002303,18,TRUE
253,BELLAVISTA SUR,001313,4,TRUE
1116,LOS TRES REYES I,002441,19,TRUE
1089,CIUDAD BOLIVAR RURAL I,104119,19,TRUE
266,LA GLORIA OCCIDENTAL,001311,4,TRUE
1118,EL ENSUENO,002416,19,TRUE
267,SAN JOSE SUR ORIENTAL,001314,4,TRUE
402,BOLONIA I,202203,5,FALSE
403,BOLONIA,002605,5,TRUE
404,GRAN YOMASA,002506,5,TRUE
1119,PERDOMO ALTO,002448,19,FALSE
1120,ARBORIZADORA ALTA,002569,19,FALSE
268,MONTE CARLO,001115,4,TRUE
201,SAN DIEGO,008107,3,TRUE
419,PALERMO SUR,002535,18,TRUE
1020,LA RESURRECCION,001413,18,TRUE
1025,LOS ARRAYANES II,001435,18,TRUE
1121,CASA DE TEJA,002534,19,TRUE
271,LA GLORIA ORIENTAL,001319,4,TRUE
1104,QUINTAS DEL SUR,002532,19,TRUE
272,CANADA O GUIRA,001330,18,TRUE
407,LA ESPERANZA SUR,002607,5,TRUE
409,LA ESPERANZA SUR I,202204,5,TRUE
445,ATLANTA,002422,19,TRUE
1110,LAS MANAS,002520,19,TRUE
420,LA PAZ,002566,18,TRUE
1111,ARBORIZADORA ALTA.,002568,19,FALSE
273,DIANA TURBAY ARRAYANES,001422,18,TRUE
1021,LA PICOTA ORIENTAL,002510,18,TRUE
275,MORALBA,001316,4,TRUE
537,EL REMANSO,205320,7,TRUE
416,TIHUAQUE RURAL,101307,5,TRUE
997,PRIMAVERA OCCIDENTAL,004205,16,TRUE
1112,SAN FRANCISCO,002515,19,TRUE
540,EL JARDIN,004561,7,TRUE
948,EL LISTON,006106,14,TRUE
277,EL TRIANGULO,201302,4,TRUE
1122,ESPINO,002423,19,TRUE
998,PENSILVANIA,004201,16,TRUE
446,MUZU,002413,19,TRUE
282,CALVO SUR,001210,4,TRUE
447,CLARET,002308,18,TRUE
202,LA MACARENA,008105,3,TRUE
286,LAS BRISAS,001101,4,TRUE
448,SAN BENITO,002509,19,TRUE
284,BARCELONA SUR,001424,18,TRUE
418,EL MOCHUELO ORIENTAL,002522,19,TRUE
203,EL ROCIO,003208,4,TRUE
450,ARBOLEDA SUR,001423,18,TRUE
